residue_id,aa,chain,cluster
1,M,A,33.0
2,P,A,33.0
3,S,A,33.0
4,T,A,33.0
5,N,A,33.0
6,R,A,33.0
7,A,A,33.0
8,G,A,30.0
9,S,A,30.0
10,L,A,33.0
11,K,A,33.0
12,D,A,33.0
13,P,A,33.0
14,E,A,33.0
15,I,A,33.0
16,A,A,2.0
17,E,A,33.0
18,L,A,33.0
19,F,A,2.0
20,F,A,33.0
21,K,A,33.0
22,E,A,33.0
23,D,A,33.0
24,P,A,2.0
25,E,A,33.0
26,K,A,33.0
27,L,A,2.0
28,F,A,2.0
29,T,A,33.0
30,D,A,2.0
31,L,A,33.0
32,R,A,2.0
33,E,A,33.0
34,I,A,2.0
35,G,A,2.0
36,H,A,33.0
37,G,A,33.0
38,S,A,2.0
39,F,A,33.0
40,G,A,2.0
41,A,A,2.0
42,V,A,33.0
43,Y,A,2.0
44,F,A,2.0
45,A,A,2.0
46,R,A,33.0
47,D,A,33.0
48,V,A,33.0
49,R,A,24.0
50,T,A,33.0
51,N,A,24.0
52,E,A,33.0
53,V,A,33.0
54,V,A,2.0
55,A,A,2.0
56,I,A,2.0
57,K,A,33.0
58,K,A,2.0
59,M,A,2.0
60,S,A,33.0
61,Y,A,4.0
62,S,A,33.0
63,G,A,33.0
64,K,A,33.0
65,Q,A,33.0
66,S,A,33.0
67,T,A,33.0
68,E,A,33.0
69,K,A,33.0
70,W,A,4.0
71,Q,A,33.0
72,D,A,33.0
73,I,A,4.0
74,I,A,4.0
75,K,A,33.0
76,E,A,33.0
77,V,A,4.0
78,K,A,33.0
79,F,A,4.0
80,L,A,4.0
81,Q,A,33.0
82,R,A,33.0
83,I,A,4.0
84,K,A,33.0
85,H,A,33.0
86,P,A,33.0
87,N,A,33.0
88,S,A,1.0
89,I,A,1.0
90,E,A,33.0
91,Y,A,33.0
92,K,A,33.0
93,G,A,2.0
94,C,A,2.0
95,Y,A,2.0
96,L,A,33.0
97,R,A,33.0
98,E,A,33.0
99,H,A,33.0
100,T,A,2.0
101,A,A,2.0
102,W,A,2.0
103,L,A,2.0
104,V,A,2.0
105,M,A,2.0
106,E,A,33.0
107,Y,A,33.0
108,C,A,33.0
109,L,A,33.0
110,G,A,1.0
111,S,A,1.0
112,A,A,1.0
113,S,A,1.0
114,D,A,1.0
115,L,A,1.0
116,L,A,1.0
117,E,A,33.0
118,V,A,1.0
119,H,A,1.0
120,K,A,1.0
121,K,A,1.0
122,P,A,33.0
123,L,A,1.0
124,Q,A,33.0
125,E,A,33.0
126,V,A,33.0
127,E,A,33.0
128,I,A,1.0
129,A,A,1.0
130,A,A,33.0
131,I,A,1.0
132,T,A,1.0
133,H,A,1.0
134,G,A,1.0
135,A,A,1.0
136,L,A,1.0
137,Q,A,33.0
138,G,A,1.0
139,L,A,1.0
140,A,A,1.0
141,Y,A,1.0
142,L,A,1.0
143,H,A,33.0
144,S,A,33.0
145,H,A,33.0
146,T,A,33.0
147,M,A,1.0
148,I,A,1.0
149,H,A,1.0
150,R,A,1.0
151,D,A,1.0
152,I,A,1.0
153,K,A,1.0
154,A,A,1.0
155,G,A,33.0
156,N,A,1.0
157,I,A,1.0
158,L,A,33.0
159,L,A,1.0
160,T,A,33.0
161,E,A,33.0
162,P,A,33.0
163,G,A,1.0
164,Q,A,33.0
165,V,A,1.0
166,K,A,1.0
167,L,A,1.0
168,A,A,1.0
169,D,A,33.0
170,F,A,1.0
171,G,A,33.0
172,S,A,1.0
173,A,A,1.0
174,S,A,1.0
175,M,A,33.0
176,A,A,33.0
177,S,A,12.0
178,P,A,33.0
179,A,A,12.0
180,N,A,33.0
181,S,A,33.0
182,F,A,33.0
183,V,A,1.0
184,G,A,1.0
185,T,A,1.0
186,P,A,33.0
187,Y,A,1.0
188,W,A,1.0
189,M,A,1.0
190,A,A,1.0
191,P,A,1.0
192,E,A,1.0
193,V,A,1.0
194,I,A,33.0
195,L,A,33.0
196,A,A,1.0
197,M,A,33.0
198,D,A,33.0
199,E,A,33.0
200,G,A,1.0
201,Q,A,33.0
202,Y,A,12.0
203,D,A,12.0
204,G,A,33.0
205,K,A,33.0
206,V,A,1.0
207,D,A,1.0
208,V,A,1.0
209,W,A,1.0
210,S,A,1.0
211,L,A,1.0
212,G,A,1.0
213,I,A,1.0
214,T,A,1.0
215,C,A,1.0
216,I,A,1.0
217,E,A,33.0
218,L,A,1.0
219,A,A,1.0
220,E,A,1.0
221,R,A,1.0
222,K,A,1.0
223,P,A,1.0
224,P,A,33.0
225,L,A,14.0
226,F,A,33.0
227,N,A,33.0
228,M,A,14.0
229,N,A,33.0
230,A,A,33.0
231,M,A,33.0
232,S,A,33.0
233,A,A,14.0
234,L,A,14.0
235,Y,A,33.0
236,H,A,33.0
237,I,A,33.0
238,A,A,1.0
239,Q,A,33.0
240,N,A,33.0
241,E,A,33.0
242,S,A,33.0
243,P,A,33.0
244,T,A,33.0
245,L,A,33.0
246,Q,A,33.0
247,S,A,33.0
248,N,A,33.0
249,E,A,33.0
250,W,A,33.0
251,S,A,33.0
252,D,A,33.0
253,Y,A,33.0
254,F,A,1.0
255,R,A,33.0
256,N,A,33.0
257,F,A,1.0
258,V,A,1.0
259,D,A,33.0
260,S,A,33.0
261,C,A,1.0
262,L,A,1.0
263,Q,A,33.0
264,K,A,33.0
265,I,A,33.0
266,P,A,26.0
267,Q,A,33.0
268,D,A,33.0
269,R,A,26.0
270,P,A,33.0
271,T,A,33.0
272,S,A,1.0
273,E,A,33.0
274,E,A,33.0
275,L,A,1.0
276,L,A,33.0
277,K,A,33.0
278,H,A,1.0
279,I,A,33.0
280,F,A,1.0
281,V,A,1.0
282,L,A,1.0
283,R,A,33.0
284,E,A,33.0
285,R,A,33.0
286,P,A,33.0
287,E,A,33.0
288,T,A,33.0
289,V,A,1.0
290,L,A,1.0
291,I,A,33.0
292,D,A,33.0
293,L,A,1.0
294,I,A,1.0
295,Q,A,1.0
296,R,A,33.0
297,T,A,1.0
298,K,A,33.0
299,D,A,33.0
300,A,A,33.0
301,V,A,33.0
302,R,A,33.0
303,E,A,33.0
304,L,A,33.0
305,D,A,33.0
306,N,A,33.0
307,L,A,33.0
308,Q,A,33.0
309,Y,A,33.0
310,R,A,33.0
311,K,A,33.0
312,M,A,33.0
313,K,A,33.0
314,K,A,33.0
315,L,A,33.0
316,L,A,33.0
317,F,A,33.0
318,Q,A,33.0
319,E,A,33.0
320,A,A,33.0
321,H,A,33.0
322,N,A,33.0
323,G,A,33.0
324,P,A,33.0
325,A,A,33.0
326,V,A,33.0
327,E,A,33.0
328,A,A,33.0
329,Q,A,33.0
330,E,A,33.0
331,E,A,33.0
332,E,A,33.0
333,E,A,33.0
334,E,A,33.0
335,Q,A,33.0
336,D,A,33.0
337,H,A,33.0
338,G,A,33.0
339,V,A,33.0
340,G,A,33.0
341,R,A,33.0
342,T,A,33.0
343,G,A,33.0
344,T,A,33.0
345,V,A,33.0
346,N,A,33.0
347,S,A,33.0
348,V,A,33.0
349,G,A,33.0
350,S,A,33.0
351,N,A,33.0
352,Q,A,33.0
353,S,A,33.0
354,I,A,33.0
355,P,A,33.0
356,S,A,33.0
357,M,A,33.0
358,S,A,33.0
359,I,A,33.0
360,S,A,33.0
361,A,A,33.0
362,S,A,33.0
363,S,A,2.0
364,Q,A,33.0
365,S,A,2.0
366,S,A,33.0
367,S,A,33.0
368,V,A,33.0
369,N,A,33.0
370,S,A,33.0
371,L,A,33.0
372,P,A,33.0
373,D,A,33.0
374,V,A,33.0
375,S,A,33.0
376,D,A,33.0
377,D,A,33.0
378,K,A,33.0
379,S,A,33.0
380,E,A,33.0
381,L,A,33.0
382,D,A,33.0
383,M,A,33.0
384,M,A,33.0
385,E,A,33.0
386,G,A,33.0
387,D,A,33.0
388,H,A,33.0
389,T,A,33.0
390,V,A,33.0
391,M,A,33.0
392,S,A,33.0
393,N,A,33.0
394,S,A,33.0
395,S,A,33.0
396,V,A,33.0
397,I,A,33.0
398,H,A,33.0
399,L,A,33.0
400,K,A,33.0
401,P,A,33.0
402,E,A,33.0
403,E,A,33.0
404,E,A,33.0
405,N,A,33.0
406,Y,A,33.0
407,R,A,33.0
408,E,A,33.0
409,E,A,33.0
410,G,A,33.0
411,D,A,33.0
412,P,A,33.0
413,R,A,33.0
414,T,A,33.0
415,R,A,33.0
416,A,A,33.0
417,S,A,33.0
418,D,A,33.0
419,P,A,33.0
420,Q,A,25.0
421,S,A,25.0
422,P,A,33.0
423,P,A,33.0
424,Q,A,33.0
425,V,A,33.0
426,S,A,33.0
427,R,A,33.0
428,H,A,33.0
429,K,A,33.0
430,S,A,33.0
431,H,A,33.0
432,Y,A,33.0
433,R,A,33.0
434,N,A,33.0
435,R,A,33.0
436,E,A,33.0
437,H,A,33.0
438,F,A,33.0
439,A,A,33.0
440,T,A,33.0
441,I,A,1.0
442,R,A,1.0
443,T,A,33.0
444,A,A,33.0
445,S,A,33.0
446,L,A,33.0
447,V,A,2.0
448,T,A,33.0
449,R,A,33.0
450,Q,A,33.0
451,M,A,33.0
452,Q,A,33.0
453,E,A,33.0
454,H,A,33.0
455,E,A,33.0
456,Q,A,33.0
457,D,A,33.0
458,S,A,33.0
459,E,A,33.0
460,L,A,33.0
461,R,A,33.0
462,E,A,33.0
463,Q,A,33.0
464,M,A,33.0
465,S,A,33.0
466,G,A,33.0
467,Y,A,33.0
468,K,A,33.0
469,R,A,33.0
470,M,A,23.0
471,R,A,23.0
472,R,A,33.0
473,Q,A,33.0
474,H,A,33.0
475,Q,A,33.0
476,K,A,33.0
477,Q,A,18.0
478,L,A,18.0
479,M,A,33.0
480,T,A,33.0
481,L,A,18.0
482,E,A,33.0
483,N,A,33.0
484,K,A,33.0
485,L,A,33.0
486,K,A,33.0
487,A,A,33.0
488,E,A,33.0
489,M,A,16.0
490,D,A,33.0
491,E,A,33.0
492,H,A,16.0
493,R,A,16.0
494,L,A,33.0
495,R,A,33.0
496,L,A,33.0
497,D,A,33.0
498,K,A,33.0
499,D,A,33.0
500,L,A,33.0
501,E,A,33.0
502,T,A,33.0
503,Q,A,33.0
504,R,A,33.0
505,N,A,33.0
506,N,A,33.0
507,F,A,33.0
508,A,A,33.0
509,A,A,33.0
510,E,A,33.0
511,M,A,29.0
512,E,A,33.0
513,K,A,33.0
514,L,A,29.0
515,I,A,33.0
516,K,A,33.0
517,K,A,33.0
518,H,A,33.0
519,Q,A,33.0
520,A,A,33.0
521,A,A,33.0
522,M,A,21.0
523,E,A,33.0
524,K,A,33.0
525,E,A,21.0
526,A,A,33.0
527,K,A,33.0
528,V,A,33.0
529,M,A,33.0
530,S,A,33.0
531,N,A,33.0
532,E,A,33.0
533,E,A,33.0
534,K,A,33.0
535,K,A,33.0
536,F,A,33.0
537,Q,A,33.0
538,Q,A,33.0
539,H,A,33.0
540,I,A,33.0
541,Q,A,33.0
542,A,A,33.0
543,Q,A,33.0
544,Q,A,11.0
545,K,A,33.0
546,K,A,33.0
547,E,A,33.0
548,L,A,11.0
549,N,A,33.0
550,S,A,33.0
551,F,A,11.0
552,L,A,11.0
553,E,A,33.0
554,S,A,33.0
555,Q,A,33.0
556,K,A,33.0
557,R,A,33.0
558,E,A,33.0
559,Y,A,33.0
560,K,A,33.0
561,L,A,33.0
562,R,A,33.0
563,K,A,33.0
564,E,A,33.0
565,Q,A,33.0
566,L,A,33.0
567,K,A,33.0
568,E,A,33.0
569,E,A,33.0
570,L,A,33.0
571,N,A,33.0
572,E,A,33.0
573,N,A,33.0
574,Q,A,33.0
575,S,A,33.0
576,T,A,33.0
577,P,A,33.0
578,K,A,33.0
579,K,A,33.0
580,E,A,33.0
581,K,A,19.0
582,Q,A,33.0
583,E,A,33.0
584,W,A,19.0
585,L,A,19.0
586,S,A,33.0
587,K,A,33.0
588,Q,A,33.0
589,K,A,33.0
590,E,A,33.0
591,N,A,33.0
592,I,A,33.0
593,Q,A,33.0
594,H,A,33.0
595,F,A,33.0
596,Q,A,33.0
597,A,A,33.0
598,E,A,33.0
599,E,A,33.0
600,E,A,33.0
601,A,A,33.0
602,N,A,33.0
603,L,A,7.0
604,L,A,7.0
605,R,A,7.0
606,R,A,33.0
607,Q,A,33.0
608,R,A,7.0
609,Q,A,33.0
610,Y,A,7.0
611,L,A,7.0
612,E,A,33.0
613,L,A,7.0
614,E,A,33.0
615,C,A,33.0
616,R,A,33.0
617,R,A,6.0
618,F,A,6.0
619,K,A,33.0
620,R,A,6.0
621,R,A,33.0
622,M,A,6.0
623,L,A,6.0
624,L,A,33.0
625,G,A,33.0
626,R,A,33.0
627,H,A,22.0
628,N,A,33.0
629,L,A,22.0
630,E,A,33.0
631,Q,A,33.0
632,D,A,33.0
633,L,A,15.0
634,V,A,15.0
635,R,A,33.0
636,E,A,33.0
637,E,A,15.0
638,L,A,15.0
639,N,A,33.0
640,K,A,33.0
641,R,A,33.0
642,Q,A,33.0
643,T,A,33.0
644,Q,A,33.0
645,K,A,33.0
646,D,A,33.0
647,L,A,33.0
648,E,A,33.0
649,H,A,33.0
650,A,A,33.0
651,M,A,3.0
652,L,A,3.0
653,L,A,3.0
654,R,A,33.0
655,Q,A,3.0
656,H,A,3.0
657,E,A,33.0
658,S,A,33.0
659,M,A,3.0
660,Q,A,3.0
661,E,A,33.0
662,L,A,33.0
663,E,A,3.0
664,F,A,3.0
665,R,A,33.0
666,H,A,3.0
667,L,A,3.0
668,N,A,33.0
669,T,A,33.0
670,I,A,3.0
671,Q,A,33.0
672,K,A,33.0
673,M,A,3.0
674,R,A,3.0
675,C,A,33.0
676,E,A,33.0
677,L,A,3.0
678,I,A,3.0
679,R,A,33.0
680,L,A,33.0
681,Q,A,3.0
682,H,A,3.0
683,Q,A,33.0
684,T,A,33.0
685,E,A,3.0
686,L,A,3.0
687,T,A,33.0
688,N,A,33.0
689,Q,A,33.0
690,L,A,33.0
691,E,A,33.0
692,Y,A,33.0
693,N,A,33.0
694,K,A,33.0
695,R,A,33.0
696,R,A,33.0
697,E,A,33.0
698,R,A,33.0
699,E,A,33.0
700,L,A,33.0
701,R,A,33.0
702,R,A,33.0
703,K,A,33.0
704,H,A,33.0
705,V,A,33.0
706,M,A,33.0
707,E,A,33.0
708,V,A,33.0
709,R,A,33.0
710,Q,A,33.0
711,Q,A,33.0
712,P,A,33.0
713,K,A,33.0
714,S,A,33.0
715,L,A,33.0
716,K,A,33.0
717,S,A,33.0
718,K,A,33.0
719,E,A,10.0
720,L,A,33.0
721,Q,A,33.0
722,I,A,10.0
723,K,A,10.0
724,K,A,33.0
725,Q,A,33.0
726,F,A,10.0
727,Q,A,33.0
728,D,A,33.0
729,T,A,33.0
730,C,A,33.0
731,K,A,33.0
732,I,A,33.0
733,Q,A,33.0
734,T,A,33.0
735,R,A,33.0
736,Q,A,33.0
737,Y,A,9.0
738,K,A,33.0
739,A,A,33.0
740,L,A,9.0
741,R,A,9.0
742,N,A,9.0
743,H,A,33.0
744,L,A,33.0
745,L,A,9.0
746,E,A,33.0
747,T,A,33.0
748,T,A,9.0
749,P,A,33.0
750,K,A,33.0
751,S,A,33.0
752,E,A,33.0
753,H,A,33.0
754,K,A,33.0
755,A,A,33.0
756,V,A,33.0
757,L,A,33.0
758,K,A,33.0
759,R,A,33.0
760,L,A,31.0
761,K,A,31.0
762,E,A,33.0
763,E,A,33.0
764,Q,A,33.0
765,T,A,33.0
766,R,A,33.0
767,K,A,33.0
768,L,A,27.0
769,A,A,33.0
770,I,A,33.0
771,L,A,27.0
772,A,A,33.0
773,E,A,33.0
774,Q,A,33.0
775,Y,A,33.0
776,D,A,33.0
777,H,A,33.0
778,S,A,33.0
779,I,A,17.0
780,N,A,33.0
781,E,A,33.0
782,M,A,17.0
783,L,A,17.0
784,S,A,33.0
785,T,A,33.0
786,Q,A,33.0
787,A,A,33.0
788,L,A,33.0
789,R,A,33.0
790,L,A,33.0
791,D,A,33.0
792,E,A,33.0
793,A,A,33.0
794,Q,A,33.0
795,E,A,33.0
796,A,A,33.0
797,E,A,33.0
798,C,A,20.0
799,Q,A,33.0
800,V,A,33.0
801,L,A,20.0
802,K,A,33.0
803,M,A,33.0
804,Q,A,33.0
805,L,A,33.0
806,Q,A,33.0
807,Q,A,33.0
808,E,A,33.0
809,L,A,5.0
810,E,A,33.0
811,L,A,5.0
812,L,A,5.0
813,N,A,33.0
814,A,A,33.0
815,Y,A,5.0
816,Q,A,5.0
817,S,A,33.0
818,K,A,5.0
819,I,A,5.0
820,K,A,5.0
821,M,A,33.0
822,Q,A,33.0
823,A,A,33.0
824,E,A,33.0
825,A,A,33.0
826,Q,A,33.0
827,H,A,33.0
828,D,A,33.0
829,R,A,33.0
830,E,A,33.0
831,L,A,32.0
832,R,A,33.0
833,E,A,33.0
834,L,A,32.0
835,E,A,33.0
836,Q,A,33.0
837,R,A,33.0
838,V,A,13.0
839,S,A,33.0
840,L,A,33.0
841,R,A,13.0
842,R,A,13.0
843,A,A,33.0
844,L,A,33.0
845,L,A,13.0
846,E,A,33.0
847,Q,A,33.0
848,K,A,33.0
849,I,A,33.0
850,E,A,33.0
851,E,A,33.0
852,E,A,33.0
853,M,A,28.0
854,L,A,33.0
855,A,A,33.0
856,L,A,28.0
857,Q,A,33.0
858,N,A,33.0
859,E,A,33.0
860,R,A,33.0
861,T,A,33.0
862,E,A,33.0
863,R,A,33.0
864,I,A,33.0
865,R,A,33.0
866,S,A,33.0
867,L,A,33.0
868,L,A,33.0
869,E,A,33.0
870,R,A,33.0
871,Q,A,33.0
872,A,A,33.0
873,R,A,33.0
874,E,A,33.0
875,I,A,8.0
876,E,A,33.0
877,A,A,33.0
878,F,A,8.0
879,D,A,8.0
880,S,A,33.0
881,E,A,33.0
882,S,A,8.0
883,M,A,33.0
884,R,A,33.0
885,L,A,33.0
886,G,A,8.0
887,F,A,8.0
888,S,A,33.0
889,N,A,33.0
890,M,A,33.0
891,V,A,33.0
892,L,A,6.0
893,S,A,33.0
894,N,A,6.0
895,L,A,33.0
896,S,A,33.0
897,P,A,33.0
898,E,A,33.0
899,A,A,33.0
900,F,A,33.0
901,S,A,33.0
902,H,A,33.0
903,S,A,33.0
904,Y,A,33.0
905,P,A,33.0
906,G,A,33.0
907,A,A,33.0
908,S,A,33.0
909,G,A,33.0
910,W,A,33.0
911,S,A,33.0
912,H,A,33.0
913,N,A,33.0
914,P,A,33.0
915,T,A,33.0
916,G,A,33.0
917,G,A,33.0
918,P,A,33.0
919,G,A,33.0
920,P,A,33.0
921,H,A,33.0
922,W,A,33.0
923,G,A,33.0
924,H,A,33.0
925,P,A,33.0
926,M,A,33.0
927,G,A,33.0
928,G,A,33.0
929,P,A,33.0
930,P,A,33.0
931,Q,A,33.0
932,A,A,33.0
933,W,A,33.0
934,G,A,33.0
935,H,A,33.0
936,P,A,33.0
937,M,A,33.0
938,Q,A,33.0
939,G,A,33.0
940,G,A,33.0
941,P,A,33.0
942,Q,A,33.0
943,P,A,33.0
944,W,A,33.0
945,G,A,33.0
946,H,A,33.0
947,P,A,33.0
948,S,A,33.0
949,G,A,33.0
950,P,A,33.0
951,M,A,33.0
952,Q,A,33.0
953,G,A,33.0
954,V,A,33.0
955,P,A,33.0
956,R,A,33.0
957,G,A,33.0
958,S,A,33.0
959,S,A,33.0
960,M,A,33.0
961,G,A,33.0
962,V,A,33.0
963,R,A,33.0
964,N,A,33.0
965,S,A,33.0
966,P,A,33.0
967,Q,A,33.0
968,A,A,33.0
969,L,A,33.0
970,R,A,33.0
971,R,A,33.0
972,T,A,33.0
973,A,A,33.0
974,S,A,33.0
975,G,A,33.0
976,G,A,33.0
977,R,A,33.0
978,T,A,33.0
979,E,A,33.0
980,Q,A,33.0
981,G,A,33.0
982,M,A,33.0
983,S,A,33.0
984,R,A,33.0
985,S,A,33.0
986,T,A,33.0
987,S,A,33.0
988,V,A,33.0
989,T,A,33.0
990,S,A,33.0
991,Q,A,33.0
992,I,A,33.0
993,S,A,33.0
994,N,A,33.0
995,G,A,33.0
996,S,A,33.0
997,H,A,33.0
998,M,A,33.0
999,S,A,33.0
1000,Y,A,33.0
1001,T,A,33.0
